province_id,region,date,AVGTEMP_C,MAXTEMP_C,MINTEMP_C,TOTALPRECIP_MM,DAILY_CHANCE_OF_RAIN,AVGHUMIDITY,MAXWIND_KPH,MAXWIND_MPH,PREDICTED_CONDITION
60,Mekong River Delta,2025-07-09,12.626,17.146000000000008,7.691999999999997,23.678499999999996,45.0,39.39,23.102999999999987,14.126000000000003,Moderate rain at times
60,Mekong River Delta,2025-07-10,12.500999999999994,17.84400000000001,7.237999999999997,36.25969999999999,43.9,40.82,20.029000000000003,12.465000000000002,Heavy rain at times
60,Mekong River Delta,2025-07-11,12.335999999999999,19.099000000000007,6.8249999999999975,40.86139999999998,33.8,41.08,20.410000000000004,12.406000000000006,Moderate rain at times
60,Mekong River Delta,2025-07-12,12.436,33.88399999999999,22.738999999999997,37.98249999999997,32.0,39.85,16.744,10.437999999999999,Moderate or heavy rain shower
60,Mekong River Delta,2025-07-13,12.493,34.062999999999995,24.74499999999999,36.64099999999998,39.45,36.61,16.673999999999996,10.161999999999995,Moderate or heavy rain shower
60,Mekong River Delta,2025-07-14,12.551999999999998,31.800999999999984,24.748,37.59619999999998,39.9,38.84,16.801999999999992,10.221999999999996,Moderate or heavy rain shower
60,Mekong River Delta,2025-07-15,12.561999999999998,28.38600000000002,24.695000000000004,42.5321,44.9,43.0,22.66,13.98400000000001,Moderate or heavy rain shower
56,Southeast,2025-07-09,12.363999999999994,17.39100000000001,7.524999999999999,19.419300000000003,43.0,38.56,22.581999999999994,13.991000000000001,Moderate or heavy rain shower
56,Southeast,2025-07-10,11.968999999999994,18.126000000000005,14.80099999999999,37.12249999999999,39.9,41.03,20.08,12.681,Cloudy
56,Southeast,2025-07-11,12.105999999999996,19.170000000000005,11.938999999999998,38.57479999999999,38.8,40.45,20.400000000000002,12.272000000000007,Moderate or heavy rain shower
56,Southeast,2025-07-12,13.032999999999998,33.870999999999995,18.323999999999998,34.94399999999998,31.45,38.21,17.080999999999996,10.273,Moderate or heavy rain shower
56,Southeast,2025-07-13,13.042999999999997,34.06099999999999,24.740999999999996,37.12799999999998,36.9,38.69,17.794000000000004,10.803999999999995,Moderate or heavy rain shower
56,Southeast,2025-07-14,12.574999999999998,34.096,24.742000000000004,38.713299999999975,44.9,37.06,17.805000000000003,10.907999999999998,Moderate or heavy rain shower
56,Southeast,2025-07-15,12.561,28.149000000000022,24.761999999999997,42.30329999999999,42.35,40.36,21.15700000000001,13.572000000000008,Moderate or heavy rain shower
27,North Central Coast,2025-07-09,12.800000000000006,17.598000000000003,7.344999999999996,7.138700000000001,41.45,40.42,22.318,13.859999999999998,Moderate rain at times
27,North Central Coast,2025-07-10,12.396999999999998,16.722,7.057999999999997,6.236700000000001,40.9,39.92,19.576000000000008,12.394999999999998,Patchy rain possible
27,North Central Coast,2025-07-11,12.282,19.091000000000008,6.759999999999999,7.720100000000003,32.45,41.57,20.055000000000003,12.254000000000008,Sunny
27,North Central Coast,2025-07-12,12.679000000000007,34.09899999999999,6.762999999999997,15.113300000000017,31.45,39.03,14.497999999999996,9.045999999999996,Moderate or heavy rain shower
27,North Central Coast,2025-07-13,12.758000000000004,33.92799999999998,7.018,17.345200000000016,33.45,36.6,13.623000000000006,8.755999999999995,Moderate or heavy rain shower
27,North Central Coast,2025-07-14,12.686000000000002,29.24099999999999,7.250999999999998,19.631900000000016,36.9,41.81,14.11,9.108999999999995,Moderate or heavy rain shower
27,North Central Coast,2025-07-15,12.511,28.647000000000016,14.262999999999987,33.31450000000001,43.9,43.35,16.522,10.945,Moderate or heavy rain shower
95,Southeast,2025-07-09,12.331,17.11200000000001,7.665999999999998,16.69380000000001,48.0,38.01,23.274999999999995,14.369000000000002,Moderate or heavy rain shower
95,Southeast,2025-07-10,11.840999999999994,17.022000000000006,7.566999999999997,23.612199999999998,41.9,42.68,19.710000000000004,12.407999999999998,Moderate or heavy rain shower
95,Southeast,2025-07-11,12.253000000000002,19.170000000000005,6.592999999999997,31.231300000000005,34.8,40.4,20.129000000000005,12.315000000000007,Moderate or heavy rain shower
95,Southeast,2025-07-12,12.96,33.86099999999999,15.308999999999994,35.216699999999975,35.9,38.57,16.440000000000005,10.320999999999996,Moderate or heavy rain shower
95,Southeast,2025-07-13,12.517000000000001,33.983999999999995,22.704999999999995,35.92599999999997,41.0,37.06,15.196999999999994,9.806999999999995,Moderate or heavy rain shower
95,Southeast,2025-07-14,12.559999999999997,31.69,24.741999999999994,36.78549999999998,39.45,38.3,16.721999999999998,10.146999999999997,Moderate or heavy rain shower
95,Southeast,2025-07-15,12.566999999999998,33.623999999999995,24.705,40.61669999999999,43.9,43.18,21.067999999999998,13.009000000000007,Moderate or heavy rain shower
31,South Central Coast,2025-07-09,12.902000000000008,17.719000000000005,7.4499999999999975,9.266400000000003,43.45,38.16,21.815000000000005,13.799,Heavy rain at times
31,South Central Coast,2025-07-10,12.320999999999994,16.675,7.071999999999997,6.100100000000001,43.9,42.82,19.881000000000007,12.697000000000001,Patchy rain possible
31,South Central Coast,2025-07-11,12.274,19.071000000000005,6.808999999999998,7.054100000000001,33.9,42.54,20.055000000000003,12.218000000000007,Moderate rain at times
31,South Central Coast,2025-07-12,12.400000000000007,34.09399999999999,7.2929999999999975,14.963300000000018,30.45,38.46,14.309,8.905999999999995,Moderate or heavy rain shower
31,South Central Coast,2025-07-13,12.741000000000001,33.94399999999998,6.97,17.253000000000014,33.45,36.94,13.313000000000006,8.527999999999997,Moderate or heavy rain shower
31,South Central Coast,2025-07-14,12.808000000000002,32.53200000000001,7.161999999999998,19.819000000000013,38.45,40.17,14.068000000000001,9.115999999999993,Moderate or heavy rain shower
31,South Central Coast,2025-07-15,12.511,28.518000000000026,14.07299999999999,32.4986,44.9,42.12,17.046999999999997,11.308,Moderate or heavy rain shower
25,North Central Coast,2025-07-09,12.379000000000003,16.58900000000001,7.477999999999997,5.6316999999999995,42.45,39.25,22.314000000000007,13.866999999999997,Patchy rain possible
25,North Central Coast,2025-07-10,12.074999999999994,17.285000000000004,7.470999999999999,22.903500000000008,40.9,39.65,20.064,12.498999999999999,Heavy rain at times
25,North Central Coast,2025-07-11,12.25,19.050000000000004,6.623999999999998,38.1781,33.35,41.39,20.188000000000002,12.649000000000006,Sunny
25,North Central Coast,2025-07-12,13.198000000000002,33.86099999999999,6.593999999999998,35.02249999999998,29.9,38.83,13.595000000000002,8.364999999999995,Moderate or heavy rain shower
25,North Central Coast,2025-07-13,12.498,33.90299999999999,21.711999999999993,37.30079999999999,37.0,37.24,16.863999999999997,10.378999999999994,Moderate or heavy rain shower
25,North Central Coast,2025-07-14,12.508999999999997,31.772999999999982,24.770999999999994,37.20799999999998,41.0,40.42,15.569999999999995,9.761999999999999,Moderate or heavy rain shower
25,North Central Coast,2025-07-15,12.561,28.613000000000014,24.791999999999994,37.115699999999975,43.45,41.56,17.766999999999992,10.457,Moderate or heavy rain shower
2,Northwest,2025-07-09,12.655000000000003,18.472,9.213999999999993,5.119,38.45,41.12,19.877000000000002,12.419000000000008,Patchy rain possible
2,Northwest,2025-07-10,12.060999999999996,17.085,15.919999999999995,5.445900000000003,31.9,41.37,17.761999999999997,11.458,Patchy rain possible
2,Northwest,2025-07-11,12.133999999999993,18.55400000000001,12.620999999999995,7.070700000000001,36.45,41.84,20.276000000000003,12.067000000000005,Moderate rain at times
2,Northwest,2025-07-12,13.284,34.096,6.691999999999998,14.615900000000016,30.9,39.43,15.134999999999998,9.355999999999993,Moderate or heavy rain shower
2,Northwest,2025-07-13,13.267000000000001,29.471999999999998,7.1019999999999985,17.886800000000015,37.9,39.72,16.593000000000007,10.953000000000001,Moderate or heavy rain shower
2,Northwest,2025-07-14,12.769,34.06499999999998,7.368999999999996,19.242700000000017,40.35,40.64,16.275000000000006,10.233999999999995,Moderate or heavy rain shower
2,Northwest,2025-07-15,12.454999999999998,28.844000000000023,13.733999999999991,34.7407,39.9,38.52,16.572,10.692,Moderate or heavy rain shower
49,Southeast,2025-07-09,12.466,17.16900000000001,7.757999999999997,26.358,46.0,36.86,22.994,14.066,Moderate or heavy rain shower
49,Southeast,2025-07-10,12.272999999999993,17.461000000000006,7.281999999999997,38.67649999999998,45.35,44.18,20.071000000000005,12.582,Moderate or heavy rain shower
49,Southeast,2025-07-11,12.235,19.076000000000008,6.637999999999998,38.5951,38.8,41.85,20.432000000000002,12.530000000000005,Moderate or heavy rain shower
49,Southeast,2025-07-12,12.429,33.86999999999999,24.76299999999999,36.852499999999985,30.45,39.03,16.852,10.488999999999999,Moderate or heavy rain shower
49,Southeast,2025-07-13,12.52,34.04599999999999,24.74299999999999,37.294399999999975,39.45,36.09,16.871999999999996,10.164999999999994,Moderate or heavy rain shower
49,Southeast,2025-07-14,12.561999999999998,33.962999999999994,24.749000000000002,37.914499999999975,41.9,38.72,16.566999999999993,10.138999999999996,Moderate or heavy rain shower
49,Southeast,2025-07-15,12.550999999999998,29.103,24.809999999999995,41.66109999999999,44.9,40.0,21.81200000000001,13.736000000000008,Moderate or heavy rain shower
54,Mekong River Delta,2025-07-09,12.443999999999999,17.13700000000001,7.737999999999997,25.436300000000006,45.0,37.02,22.073,13.860000000000005,Moderate rain at times
54,Mekong River Delta,2025-07-10,12.257999999999992,17.484000000000005,7.281999999999997,38.250199999999985,45.35,42.84,20.297000000000004,12.559000000000001,Moderate rain at times
54,Mekong River Delta,2025-07-11,12.231000000000002,19.104000000000006,6.640999999999998,37.782999999999994,38.8,41.2,19.990000000000002,12.468000000000004,Moderate rain at times
54,Mekong River Delta,2025-07-12,12.429,33.88399999999999,24.544,38.13339999999997,32.0,37.87,16.978,10.384,Moderate or heavy rain shower
54,Mekong River Delta,2025-07-13,12.52,34.04599999999999,24.74299999999999,37.24039999999998,39.45,38.42,16.871999999999996,10.153999999999995,Moderate or heavy rain shower
54,Mekong River Delta,2025-07-14,12.561999999999998,33.962999999999994,24.749000000000002,37.914499999999975,44.45,38.33,16.571999999999992,10.098999999999997,Moderate or heavy rain shower
54,Mekong River Delta,2025-07-15,12.550999999999998,28.05900000000002,24.697999999999997,41.618099999999984,44.9,40.91,21.794000000000004,13.69500000000001,Moderate or heavy rain shower
37,Central Highlands,2025-07-09,12.543000000000001,18.104,9.285999999999992,5.260800000000001,42.45,40.96,21.67,13.342000000000002,Moderate rain at times
37,Central Highlands,2025-07-10,12.300999999999995,16.695,6.979999999999997,4.683599999999998,39.9,40.92,20.107,12.368999999999998,Patchy rain possible
37,Central Highlands,2025-07-11,12.265,18.595000000000006,6.821999999999999,7.316800000000003,32.45,41.47,20.029,12.144,Sunny
37,Central Highlands,2025-07-12,12.715000000000007,34.14799999999999,6.641999999999997,18.033800000000017,30.9,39.55,14.362999999999998,8.837999999999996,Moderate or heavy rain shower
37,Central Highlands,2025-07-13,12.750000000000002,33.92799999999998,7.004,17.905500000000018,34.45,37.35,13.932000000000006,8.767999999999997,Moderate or heavy rain shower
37,Central Highlands,2025-07-14,12.778000000000002,29.28099999999999,7.207999999999998,20.732000000000014,36.9,41.91,14.146,9.168999999999993,Moderate or heavy rain shower
37,Central Highlands,2025-07-15,12.511,29.506000000000018,16.59500000000001,31.372900000000005,43.45,43.36,16.747000000000003,10.666000000000006,Moderate or heavy rain shower
94,Red River Delta,2025-07-09,12.911000000000007,17.41700000000001,7.4149999999999965,7.966400000000001,49.45,37.3,21.596,13.594,Heavy rain at times
94,Red River Delta,2025-07-10,12.355999999999993,16.731000000000005,7.1169999999999956,5.179500000000001,44.35,44.69,19.590000000000003,12.291999999999998,Patchy rain possible
94,Red River Delta,2025-07-11,12.280999999999999,18.820000000000004,6.808999999999998,10.081700000000001,34.9,42.27,20.837000000000003,12.450000000000006,Moderate rain at times
94,Red River Delta,2025-07-12,12.390000000000008,34.082999999999984,6.859999999999998,14.550800000000015,29.9,38.64,14.213999999999997,9.067999999999996,Moderate or heavy rain shower
94,Red River Delta,2025-07-13,12.733000000000004,34.048999999999985,6.996,17.59730000000002,34.9,36.85,13.755000000000003,8.874999999999995,Moderate or heavy rain shower
94,Red River Delta,2025-07-14,12.469,31.482,8.970999999999997,19.127800000000015,35.9,39.76,14.316,9.031999999999993,Moderate or heavy rain shower
94,Red River Delta,2025-07-15,12.493000000000002,28.41200000000002,13.733999999999996,33.3111,41.9,43.42,16.677,11.003000000000002,Moderate or heavy rain shower
38,South Central Coast,2025-07-09,12.848000000000006,17.439000000000004,7.4739999999999975,9.3551,46.0,38.28,22.232999999999997,13.845999999999997,Heavy rain at times
38,South Central Coast,2025-07-10,12.309999999999993,16.78100000000001,7.027999999999997,13.218700000000004,39.35,42.5,19.623000000000005,12.406999999999998,Heavy rain at times
38,South Central Coast,2025-07-11,12.304,18.968000000000007,6.808999999999998,9.072500000000002,33.8,40.54,19.895000000000003,12.123000000000006,Moderate rain at times
38,South Central Coast,2025-07-12,12.406,34.08999999999999,7.723999999999997,18.655700000000017,31.9,38.5,14.839999999999996,9.302999999999995,Moderate or heavy rain shower
38,South Central Coast,2025-07-13,12.443,34.021999999999984,12.313999999999998,25.0482,36.9,38.58,14.389000000000003,8.985999999999997,Moderate or heavy rain shower
38,South Central Coast,2025-07-14,12.469000000000001,32.273,7.546999999999998,32.58889999999999,37.9,39.06,14.149000000000001,9.132999999999994,Moderate or heavy rain shower
38,South Central Coast,2025-07-15,12.520999999999999,28.53200000000001,16.704,36.492799999999995,38.45,42.04,17.870999999999995,11.600000000000001,Moderate or heavy rain shower
87,Red River Delta,2025-07-09,12.507999999999997,17.66800000000001,9.507999999999996,7.500199999999999,46.45,37.25,21.169000000000004,13.509999999999998,Heavy rain at times
87,Red River Delta,2025-07-10,12.335999999999997,16.489,6.983999999999997,4.850199999999998,38.9,44.51,19.706000000000007,12.373000000000001,Patchy rain possible
87,Red River Delta,2025-07-11,12.027999999999999,18.816000000000003,7.178,9.935700000000002,33.9,42.16,20.126000000000005,12.396000000000006,Moderate rain at times
87,Red River Delta,2025-07-12,12.655000000000008,34.134999999999984,6.812999999999997,14.660800000000016,32.9,38.76,14.516999999999998,8.976999999999997,Moderate or heavy rain shower
87,Red River Delta,2025-07-13,13.204,33.950999999999986,7.042999999999999,17.688300000000016,35.9,36.83,13.746999999999998,8.582999999999997,Moderate or heavy rain shower
87,Red River Delta,2025-07-14,12.47,32.567,8.098999999999998,19.571300000000015,33.9,40.11,14.707,9.545999999999992,Moderate or heavy rain shower
87,Red River Delta,2025-07-15,12.458999999999996,31.654999999999987,13.744999999999996,36.2947,39.9,40.05,16.392,10.710000000000003,Moderate or heavy rain shower
84,Red River Delta,2025-07-09,12.813000000000004,17.239000000000004,7.480999999999997,7.847899999999998,48.45,36.89,21.38,13.389,Heavy rain at times
84,Red River Delta,2025-07-10,12.338999999999993,16.586000000000006,7.035999999999997,7.7828,40.9,44.52,19.613000000000007,12.336999999999998,Heavy rain at times
84,Red River Delta,2025-07-11,12.287,18.932000000000006,6.808999999999998,9.057500000000003,33.35,42.11,20.717000000000006,12.506000000000007,Moderate rain at times
84,Red River Delta,2025-07-12,12.473000000000003,34.06899999999998,6.837999999999997,14.593300000000015,30.9,38.39,14.786000000000001,9.211999999999996,Moderate or heavy rain shower
84,Red River Delta,2025-07-13,12.651000000000003,33.99499999999998,7.218999999999999,17.60110000000002,34.9,37.16,13.463,8.245999999999999,Moderate or heavy rain shower
84,Red River Delta,2025-07-14,12.443000000000001,31.438,7.544999999999998,19.970100000000013,37.9,40.28,14.124,9.080999999999994,Moderate or heavy rain shower
84,Red River Delta,2025-07-15,12.487,28.960000000000022,13.722999999999995,36.2808,41.9,43.14,16.464,10.779000000000002,Moderate or heavy rain shower
75,Central Highlands,2025-07-09,12.82300000000001,17.713000000000005,7.402999999999997,5.312099999999998,38.45,42.72,17.910000000000004,10.851000000000006,Patchy rain possible
75,Central Highlands,2025-07-10,12.311999999999996,16.864000000000004,7.060999999999996,5.705799999999999,36.9,42.47,18.406000000000006,11.111,Patchy rain possible
75,Central Highlands,2025-07-11,12.245999999999997,18.766000000000005,6.790999999999998,6.680200000000002,34.45,40.65,17.903999999999996,10.880000000000006,Patchy rain possible
75,Central Highlands,2025-07-12,12.754000000000005,34.16999999999998,6.618999999999999,17.27270000000002,28.45,39.47,14.482999999999995,8.978999999999996,Moderate or heavy rain shower
75,Central Highlands,2025-07-13,12.785000000000002,34.00499999999999,7.04,17.840200000000017,34.45,37.71,13.053000000000006,8.233999999999996,Moderate or heavy rain shower
75,Central Highlands,2025-07-14,12.780999999999999,32.294000000000004,7.074999999999999,20.226100000000013,36.9,39.82,14.149000000000003,9.171999999999995,Moderate or heavy rain shower
75,Central Highlands,2025-07-15,12.511,25.61100000000001,16.319000000000006,35.661300000000004,45.45,42.65,16.676,10.474000000000006,Moderate rain at times
4,Northeast,2025-07-09,12.591,18.192,13.512999999999993,5.826099999999999,40.0,41.38,17.622,11.242,Patchy rain possible
4,Northeast,2025-07-10,12.078999999999997,17.199000000000005,14.17999999999999,4.9000999999999975,36.9,42.1,17.733000000000004,11.052,Patchy rain possible
4,Northeast,2025-07-11,12.046,18.73400000000001,7.151000000000002,6.603700000000001,36.45,41.52,17.752,10.700000000000005,Sunny
4,Northeast,2025-07-12,13.257000000000003,34.274999999999984,6.599999999999998,15.692000000000018,31.35,39.94,15.758999999999997,9.930999999999997,Moderate or heavy rain shower
4,Northeast,2025-07-13,13.204,34.201999999999984,7.085999999999998,18.403400000000016,39.9,36.91,15.897000000000006,10.051999999999998,Moderate or heavy rain shower
4,Northeast,2025-07-14,12.758000000000003,34.13199999999999,7.187999999999997,25.0577,37.9,39.3,14.864,9.572999999999993,Moderate or heavy rain shower
4,Northeast,2025-07-15,12.453999999999999,28.27300000000002,14.169999999999991,35.3212,44.9,40.91,15.851999999999997,10.453000000000001,Moderate or heavy rain shower
46,Southeast,2025-07-09,12.331,17.11200000000001,7.665999999999998,16.69380000000001,48.0,38.01,23.274999999999995,14.369000000000002,Moderate or heavy rain shower
46,Southeast,2025-07-10,11.840999999999994,17.022000000000006,7.566999999999997,23.612199999999998,41.9,42.68,19.710000000000004,12.407999999999998,Moderate or heavy rain shower
46,Southeast,2025-07-11,12.253000000000002,19.170000000000005,6.592999999999997,31.231300000000005,34.8,40.4,20.129000000000005,12.315000000000007,Moderate or heavy rain shower
46,Southeast,2025-07-12,12.96,33.86099999999999,15.308999999999994,35.216699999999975,35.9,38.57,16.440000000000005,10.320999999999996,Moderate or heavy rain shower
46,Southeast,2025-07-13,12.517000000000001,33.983999999999995,22.704999999999995,35.92599999999997,41.0,37.06,15.196999999999994,9.806999999999995,Moderate or heavy rain shower
46,Southeast,2025-07-14,12.559999999999997,31.69,24.741999999999994,36.78549999999998,39.45,38.3,16.721999999999998,10.146999999999997,Moderate or heavy rain shower
46,Southeast,2025-07-15,12.566999999999998,33.623999999999995,24.705,40.61669999999999,43.9,43.18,21.067999999999998,13.009000000000007,Moderate or heavy rain shower
42,South Central Coast,2025-07-09,12.399000000000001,16.697000000000006,7.698999999999997,6.736999999999998,45.0,38.87,22.853999999999996,13.731000000000002,Moderate rain at times
42,South Central Coast,2025-07-10,12.257999999999997,17.078000000000003,7.1679999999999975,23.664400000000004,38.9,41.19,19.986,12.510999999999997,Moderate or heavy rain shower
42,South Central Coast,2025-07-11,12.247,19.016000000000005,6.612999999999997,33.687599999999996,32.35,41.36,20.231,12.484000000000007,Moderate or heavy rain shower
42,South Central Coast,2025-07-12,12.742000000000003,33.86099999999999,6.605999999999998,35.03349999999998,28.9,38.97,14.468000000000004,8.951999999999996,Moderate or heavy rain shower
42,South Central Coast,2025-07-13,12.498,33.922999999999995,22.721,36.819199999999995,39.0,37.66,16.633,10.435999999999995,Moderate or heavy rain shower
42,South Central Coast,2025-07-14,12.520999999999999,29.76199999999999,24.747,36.93099999999998,42.45,42.26,15.644999999999996,9.826,Moderate or heavy rain shower
42,South Central Coast,2025-07-15,12.561999999999998,26.31700000000001,24.809999999999995,38.930099999999996,40.45,41.36,17.953999999999994,10.884,Moderate or heavy rain shower
80,Northeast,2025-07-09,12.519000000000004,18.129,7.475999999999999,7.186500000000002,40.45,41.86,22.392000000000003,13.749999999999998,Moderate rain at times
80,Northeast,2025-07-10,12.253999999999998,16.851000000000003,6.861999999999997,7.390800000000001,38.9,41.62,20.157,12.481000000000003,Overcast
80,Northeast,2025-07-11,12.098999999999998,18.855000000000004,8.764999999999997,9.242400000000002,29.9,40.36,20.225,12.540000000000003,Moderate rain at times
80,Northeast,2025-07-12,12.689000000000005,34.15099999999998,6.766999999999999,18.008300000000016,31.45,38.65,14.377999999999995,9.095999999999998,Moderate or heavy rain shower
80,Northeast,2025-07-13,13.258,33.93199999999999,7.24,18.031200000000016,35.9,37.89,14.455000000000007,9.172999999999995,Moderate or heavy rain shower
80,Northeast,2025-07-14,12.444,28.46000000000002,7.688999999999997,19.40040000000001,38.35,42.42,14.892000000000003,9.525999999999993,Moderate or heavy rain shower
80,Northeast,2025-07-15,12.442999999999998,28.72900000000001,16.673000000000005,31.73850000000001,42.45,42.68,17.158000000000005,10.983000000000004,Moderate or heavy rain shower
44,South Central Coast,2025-07-09,12.399,16.862000000000005,7.691999999999997,20.69400000000001,45.0,36.83,22.699,14.361000000000004,Moderate rain at times
44,South Central Coast,2025-07-10,12.231999999999994,17.610000000000007,7.182999999999997,38.672999999999995,46.9,42.49,20.044000000000004,12.821000000000002,Moderate or heavy rain shower
44,South Central Coast,2025-07-11,12.23,19.133000000000006,6.615999999999997,37.9187,34.8,40.51,20.432000000000002,12.530000000000005,Moderate or heavy rain shower
44,South Central Coast,2025-07-12,12.456000000000001,33.86099999999999,18.979999999999983,37.66809999999997,29.45,38.04,15.286999999999999,9.625,Moderate or heavy rain shower
44,South Central Coast,2025-07-13,12.52,34.02299999999999,24.776999999999994,36.330999999999975,38.45,38.83,16.679999999999996,10.071999999999996,Moderate or heavy rain shower
44,South Central Coast,2025-07-14,12.578,31.66099999999999,24.731999999999992,37.940599999999975,41.45,38.64,16.616999999999997,10.055999999999997,Moderate or heavy rain shower
44,South Central Coast,2025-07-15,12.550999999999998,26.978000000000012,24.782999999999998,42.67799999999999,41.9,42.66,22.482,13.716000000000006,Moderate or heavy rain shower
11,Northeast,2025-07-09,12.758000000000004,17.916,7.309999999999998,4.942999999999999,45.45,37.49,21.770000000000003,13.649999999999999,Moderate rain at times
11,Northeast,2025-07-10,12.290999999999997,16.544000000000008,7.041999999999997,5.086499999999999,43.9,44.71,19.736000000000004,12.443,Patchy rain possible
11,Northeast,2025-07-11,12.273,18.841000000000005,6.573999999999997,6.736300000000003,33.45,42.5,21.042,12.624000000000002,Moderate rain at times
11,Northeast,2025-07-12,12.745000000000005,34.124999999999986,6.571999999999997,16.48280000000001,29.9,39.28,14.227,8.982999999999995,Moderate or heavy rain shower
11,Northeast,2025-07-13,12.750000000000002,33.99799999999999,7.035,17.552100000000017,34.45,36.67,12.338000000000005,7.553999999999997,Moderate or heavy rain shower
11,Northeast,2025-07-14,12.780999999999999,31.441999999999997,7.083999999999999,20.28350000000001,36.9,40.19,13.796,9.146999999999995,Moderate or heavy rain shower
11,Northeast,2025-07-15,12.511,27.031000000000017,13.913999999999993,33.9855,44.9,43.43,16.413999999999998,10.311000000000003,Moderate or heavy rain shower
36,South Central Coast,2025-07-09,12.459000000000001,16.698000000000008,7.760999999999997,23.21480000000001,45.0,36.06,21.98,13.629000000000001,Moderate or heavy rain shower
36,South Central Coast,2025-07-10,12.324999999999994,17.518000000000004,7.282999999999996,36.032599999999995,46.8,45.17,19.740000000000002,12.445,Heavy rain at times
36,South Central Coast,2025-07-11,12.245999999999999,19.101000000000006,6.781999999999998,37.051700000000004,38.8,41.85,20.712000000000003,12.597000000000005,Moderate or heavy rain shower
36,South Central Coast,2025-07-12,12.429,33.89499999999999,21.820999999999994,37.79719999999997,32.0,38.15,15.498999999999997,9.799000000000001,Moderate or heavy rain shower
36,South Central Coast,2025-07-13,12.52,34.04599999999999,24.766999999999992,36.45909999999998,38.45,37.69,16.748999999999995,10.069999999999995,Moderate or heavy rain shower
36,South Central Coast,2025-07-14,12.578,34.022999999999996,24.737999999999996,37.71349999999998,43.45,39.98,16.947999999999993,10.010999999999997,Moderate or heavy rain shower
36,South Central Coast,2025-07-15,12.550999999999998,27.97100000000002,24.697999999999997,42.05339999999999,44.9,38.72,21.640000000000004,13.50600000000001,Moderate or heavy rain shower
96,South Central Coast,2025-07-09,12.705000000000007,17.628,7.453999999999996,6.8609,39.45,39.25,22.352000000000004,13.864999999999998,Moderate rain at times
96,South Central Coast,2025-07-10,12.352999999999998,16.826000000000008,7.0239999999999965,12.015000000000004,40.9,40.26,19.674000000000007,12.414999999999997,Heavy rain at times
96,South Central Coast,2025-07-11,12.304,18.939000000000007,6.805999999999999,12.967500000000006,31.35,41.44,19.741000000000003,12.223000000000006,Moderate rain at times
96,South Central Coast,2025-07-12,12.747,33.93499999999999,6.804999999999998,18.016300000000015,30.9,39.33,14.729999999999997,9.173999999999998,Moderate or heavy rain shower
96,South Central Coast,2025-07-13,12.471000000000002,33.95799999999999,10.700999999999995,18.690900000000013,36.9,37.44,14.363000000000001,9.213,Moderate or heavy rain shower
96,South Central Coast,2025-07-14,12.492,29.817999999999994,12.351999999999997,26.982599999999998,39.9,42.07,14.11,9.194999999999995,Moderate or heavy rain shower
96,South Central Coast,2025-07-15,12.565,29.191000000000017,16.64200000000001,32.825500000000005,42.45,43.02,17.434,10.711000000000004,Moderate or heavy rain shower
77,Mekong River Delta,2025-07-09,12.414000000000001,16.763000000000005,7.711999999999997,25.218500000000002,41.0,37.35,22.495,14.063999999999998,Moderate rain at times
77,Mekong River Delta,2025-07-10,12.270999999999994,17.371000000000006,7.2659999999999965,35.38629999999999,43.9,42.91,19.785000000000004,12.645,Moderate rain at times
77,Mekong River Delta,2025-07-11,12.243,19.153000000000006,6.631999999999997,35.600899999999996,34.8,40.51,19.795000000000005,12.389000000000005,Sunny
77,Mekong River Delta,2025-07-12,12.429,33.88399999999999,24.480999999999998,38.214599999999976,32.0,37.75,15.411999999999999,9.754000000000001,Moderate or heavy rain shower
77,Mekong River Delta,2025-07-13,12.52,34.04599999999999,24.74299999999999,36.919399999999975,40.45,38.83,16.911999999999995,10.132999999999996,Moderate or heavy rain shower
77,Mekong River Delta,2025-07-14,12.578,31.771999999999984,24.726999999999997,37.93749999999998,42.45,38.67,16.644999999999992,9.969999999999997,Moderate or heavy rain shower
77,Mekong River Delta,2025-07-15,12.550999999999998,28.22700000000002,24.695000000000004,42.821099999999994,42.9,42.29,22.548999999999996,13.82200000000001,Moderate or heavy rain shower
24,North Central Coast,2025-07-09,12.609000000000004,18.032000000000004,21.75199999999999,25.594499999999993,41.45,38.13,23.195999999999998,14.178999999999998,Overcast
24,North Central Coast,2025-07-10,12.376999999999994,16.677000000000007,7.100999999999998,11.273600000000002,48.9,42.93,19.209000000000003,12.116,Overcast
24,North Central Coast,2025-07-11,12.383999999999999,18.948000000000008,6.751999999999999,9.132000000000001,34.8,42.46,19.144000000000002,11.852000000000006,Sunny
24,North Central Coast,2025-07-12,12.455,34.185999999999986,24.49599999999999,26.8737,35.45,39.63,17.927000000000007,11.246999999999998,Moderate or heavy rain shower
24,North Central Coast,2025-07-13,12.491,34.06499999999999,9.785999999999994,30.375700000000002,37.9,35.99,13.969000000000005,8.651999999999994,Moderate or heavy rain shower
24,North Central Coast,2025-07-14,12.484000000000002,31.825999999999993,7.613999999999997,33.368999999999986,33.45,38.31,15.672999999999996,9.956999999999995,Moderate or heavy rain shower
24,North Central Coast,2025-07-15,12.546,33.09899999999999,24.75399999999999,44.23039999999999,39.45,42.93,22.831999999999997,14.587000000000003,Moderate or heavy rain shower
22,North Central Coast,2025-07-09,12.645,18.673,18.999999999999996,11.985700000000007,35.0,42.76,17.983,11.088000000000001,Moderate rain at times
22,North Central Coast,2025-07-10,12.090999999999998,16.893000000000008,7.496999999999998,7.237800000000002,38.35,42.35,17.592000000000002,11.193000000000005,Patchy rain possible
22,North Central Coast,2025-07-11,12.062999999999997,18.572000000000006,7.514000000000001,4.8211,37.9,40.52,17.072000000000003,10.595000000000004,Patchy rain possible
22,North Central Coast,2025-07-12,12.931,32.17999999999999,10.617999999999993,21.304900000000018,32.35,39.62,17.404,10.655,Moderate or heavy rain shower
22,North Central Coast,2025-07-13,13.157000000000005,34.08499999999999,7.269999999999997,31.552099999999996,38.45,39.25,13.722000000000007,8.442999999999996,Moderate or heavy rain shower
22,North Central Coast,2025-07-14,12.827999999999998,34.08799999999999,7.105999999999998,34.19359999999998,35.9,36.0,14.783000000000001,9.620999999999992,Moderate or heavy rain shower
22,North Central Coast,2025-07-15,12.484999999999998,28.397000000000013,18.73199999999998,40.72709999999998,38.45,42.2,17.76,11.781000000000004,Moderate or heavy rain shower
91,Northeast,2025-07-09,12.758000000000004,17.916,7.309999999999998,4.942999999999999,45.45,37.49,21.770000000000003,13.649999999999999,Moderate rain at times
91,Northeast,2025-07-10,12.290999999999997,16.544000000000008,7.041999999999997,5.086499999999999,43.9,44.71,19.736000000000004,12.443,Patchy rain possible
91,Northeast,2025-07-11,12.273,18.841000000000005,6.573999999999997,6.736300000000003,33.45,42.5,21.042,12.624000000000002,Moderate rain at times
91,Northeast,2025-07-12,12.745000000000005,34.124999999999986,6.571999999999997,16.48280000000001,29.9,39.28,14.227,8.982999999999995,Moderate or heavy rain shower
91,Northeast,2025-07-13,12.750000000000002,33.99799999999999,7.035,17.552100000000017,34.45,36.67,12.338000000000005,7.553999999999997,Moderate or heavy rain shower
91,Northeast,2025-07-14,12.780999999999999,31.441999999999997,7.083999999999999,20.28350000000001,36.9,40.19,13.796,9.146999999999995,Moderate or heavy rain shower
91,Northeast,2025-07-15,12.511,27.031000000000017,13.913999999999993,33.9855,44.9,43.43,16.413999999999998,10.311000000000003,Moderate or heavy rain shower
66,Mekong River Delta,2025-07-09,12.414000000000001,16.550000000000004,7.711999999999997,22.15220000000001,41.0,37.3,22.553,14.100999999999999,Moderate rain at times
66,Mekong River Delta,2025-07-10,12.299999999999994,17.371000000000006,7.255999999999997,37.07939999999999,43.9,42.75,19.918000000000003,12.669,Moderate rain at times
66,Mekong River Delta,2025-07-11,12.248,19.173000000000005,6.767999999999997,36.0367,34.8,40.51,20.129000000000005,12.315000000000007,Sunny
66,Mekong River Delta,2025-07-12,12.429,33.88399999999999,20.17499999999999,37.48449999999997,32.0,37.51,14.288999999999993,9.176999999999998,Moderate or heavy rain shower
66,Mekong River Delta,2025-07-13,12.52,34.06399999999999,24.764999999999997,35.927999999999976,39.45,38.85,16.703999999999994,10.085999999999995,Moderate or heavy rain shower
66,Mekong River Delta,2025-07-14,12.578,31.83599999999999,24.735999999999994,37.80659999999998,40.45,38.86,16.94499999999999,9.983999999999996,Moderate or heavy rain shower
66,Mekong River Delta,2025-07-15,12.550999999999998,28.21800000000002,24.683000000000007,40.365399999999994,42.9,42.29,22.611,13.679000000000007,Moderate or heavy rain shower
12,Northeast,2025-07-09,12.628000000000004,17.744000000000007,14.059999999999992,4.735200000000001,42.0,39.3,22.596999999999998,14.017999999999999,Moderate rain at times
12,Northeast,2025-07-10,12.285999999999996,16.58700000000001,7.177999999999997,5.0077,42.9,40.54,19.893000000000008,12.513000000000003,Patchy rain possible
12,Northeast,2025-07-11,12.326999999999998,18.746000000000006,6.710999999999998,6.007300000000002,34.45,41.11,19.888000000000005,12.405000000000005,Patchy rain possible
12,Northeast,2025-07-12,12.710000000000004,34.20399999999998,6.764999999999998,17.62740000000002,32.35,39.96,15.653999999999996,9.747999999999998,Moderate or heavy rain shower
12,Northeast,2025-07-13,12.745000000000006,33.932999999999986,7.067,17.99660000000002,35.45,37.19,11.591000000000001,7.1409999999999965,Moderate or heavy rain shower
12,Northeast,2025-07-14,12.75,32.144,7.040999999999998,20.71080000000001,36.9,39.51,14.062000000000003,9.242999999999993,Moderate or heavy rain shower
12,Northeast,2025-07-15,12.505,28.403000000000016,16.453000000000007,37.7303,44.45,43.26,16.791,10.579000000000002,Moderate or heavy rain shower
58,Mekong River Delta,2025-07-09,12.418,16.894000000000005,7.751999999999997,17.07520000000001,47.0,36.47,23.127,14.142999999999999,Moderate rain at times
58,Mekong River Delta,2025-07-10,12.294999999999993,17.432000000000006,7.187999999999996,22.66040000000001,43.9,43.49,19.813000000000002,12.540999999999999,Heavy rain at times
58,Mekong River Delta,2025-07-11,12.233999999999998,19.081000000000007,6.624999999999997,33.2017,38.8,40.4,20.129000000000005,12.315000000000007,Sunny
58,Mekong River Delta,2025-07-12,12.429,33.86099999999999,16.55400000000001,35.216699999999975,33.45,38.56,15.289999999999997,9.7,Moderate or heavy rain shower
58,Mekong River Delta,2025-07-13,12.52,34.004,21.73399999999999,35.74099999999997,39.0,37.68,16.480999999999995,10.100999999999994,Moderate or heavy rain shower
58,Mekong River Delta,2025-07-14,12.578,33.925,24.769999999999996,37.10259999999998,41.0,39.78,16.516,9.870999999999997,Moderate or heavy rain shower
58,Mekong River Delta,2025-07-15,12.550999999999998,31.798999999999975,24.712,41.915399999999984,43.35,36.94,19.971999999999998,12.594000000000005,Moderate or heavy rain shower
86,Red River Delta,2025-07-09,12.833000000000004,17.310000000000006,7.4499999999999975,9.3917,47.45,36.43,21.568999999999996,13.420999999999998,Heavy rain at times
86,Red River Delta,2025-07-10,12.326999999999993,16.551000000000005,7.053999999999998,7.8088000000000015,41.9,44.79,19.650000000000006,12.316999999999998,Heavy rain at times
86,Red River Delta,2025-07-11,12.326,19.041000000000004,6.808999999999998,10.4089,34.8,42.11,19.854000000000006,12.218000000000007,Moderate rain at times
86,Red River Delta,2025-07-12,12.388000000000002,34.05799999999998,7.534999999999996,14.657200000000014,30.45,38.25,14.399999999999995,9.167999999999996,Moderate or heavy rain shower
86,Red River Delta,2025-07-13,12.449000000000003,34.07599999999999,7.260999999999999,17.282900000000016,34.9,37.16,13.297999999999996,8.206999999999995,Moderate or heavy rain shower
86,Red River Delta,2025-07-14,12.472999999999999,31.781999999999996,9.927999999999999,19.49200000000001,38.45,39.84,14.26,9.037999999999993,Moderate or heavy rain shower
86,Red River Delta,2025-07-15,12.503000000000002,28.671000000000014,13.706999999999995,32.41140000000001,40.9,41.87,16.956,11.327,Moderate or heavy rain shower
8,Northwest,2025-07-09,12.803999999999998,18.619,9.281999999999993,4.6609,44.45,42.7,17.927,11.034000000000002,Sunny
8,Northwest,2025-07-10,12.046999999999999,17.028000000000006,9.128999999999998,5.534900000000005,28.35,42.11,17.596999999999998,11.100000000000001,Patchy rain possible
8,Northwest,2025-07-11,12.068999999999994,18.386000000000006,14.312999999999988,6.530400000000003,34.45,40.55,17.982999999999997,11.419000000000006,Patchy rain possible
8,Northwest,2025-07-12,13.241000000000001,34.34899999999999,6.7029999999999985,17.39630000000002,29.9,39.57,14.836999999999998,9.091999999999992,Moderate or heavy rain shower
8,Northwest,2025-07-13,13.287,26.11100000000001,7.098999999999998,17.249200000000013,38.9,40.01,15.119999999999997,9.225999999999996,Sunny
8,Northwest,2025-07-14,12.765999999999998,32.342000000000006,7.210999999999998,19.56050000000001,36.35,40.8,16.145000000000003,10.202999999999996,Moderate or heavy rain shower
8,Northwest,2025-07-15,12.470999999999997,28.747000000000007,16.482000000000006,34.6704,39.45,42.88,17.195999999999998,10.771000000000004,Moderate rain at times
6,Northeast,2025-07-09,12.792000000000007,17.785000000000004,7.280999999999997,4.861799999999999,37.45,42.02,22.649,13.673000000000002,Moderate rain at times
6,Northeast,2025-07-10,12.340999999999998,16.826000000000008,7.118999999999996,5.9975,42.9,40.64,20.159000000000006,12.517000000000001,Patchy rain possible
6,Northeast,2025-07-11,12.260999999999997,18.986000000000004,6.805999999999998,7.402400000000003,31.45,40.68,20.305000000000003,12.345000000000004,Sunny
6,Northeast,2025-07-12,12.763000000000007,34.05899999999999,6.618999999999999,17.70330000000002,29.45,39.51,14.245999999999997,9.006999999999996,Moderate or heavy rain shower
6,Northeast,2025-07-13,12.758000000000004,33.92799999999998,7.013,17.592100000000016,33.45,37.47,13.488000000000007,8.514999999999995,Moderate or heavy rain shower
6,Northeast,2025-07-14,12.778000000000002,29.137999999999998,7.250999999999998,20.450800000000008,38.9,41.92,14.11,9.194999999999993,Moderate or heavy rain shower
6,Northeast,2025-07-15,12.511,26.76200000000001,16.51000000000001,31.372900000000005,43.45,43.79,16.783,10.602000000000006,Moderate rain at times
74,Northwest,2025-07-09,12.803999999999998,18.619,9.281999999999993,4.6609,44.45,42.7,17.927,11.034000000000002,Sunny
74,Northwest,2025-07-10,12.046999999999999,17.028000000000006,9.128999999999998,5.534900000000005,28.35,42.11,17.596999999999998,11.100000000000001,Patchy rain possible
74,Northwest,2025-07-11,12.068999999999994,18.386000000000006,14.312999999999988,6.530400000000003,34.45,40.55,17.982999999999997,11.419000000000006,Patchy rain possible
74,Northwest,2025-07-12,13.241000000000001,34.34899999999999,6.7029999999999985,17.39630000000002,29.9,39.57,14.836999999999998,9.091999999999992,Moderate or heavy rain shower
74,Northwest,2025-07-13,13.287,26.11100000000001,7.098999999999998,17.249200000000013,38.9,40.01,15.119999999999997,9.225999999999996,Sunny
74,Northwest,2025-07-14,12.765999999999998,32.342000000000006,7.210999999999998,19.56050000000001,36.35,40.8,16.145000000000003,10.202999999999996,Moderate or heavy rain shower
74,Northwest,2025-07-15,12.470999999999997,28.747000000000007,16.482000000000006,34.6704,39.45,42.88,17.195999999999998,10.771000000000004,Moderate rain at times
64,Mekong River Delta,2025-07-09,12.418,16.894000000000005,7.751999999999997,17.07520000000001,47.0,36.47,23.127,14.142999999999999,Moderate rain at times
64,Mekong River Delta,2025-07-10,12.294999999999993,17.432000000000006,7.187999999999996,22.66040000000001,43.9,43.49,19.813000000000002,12.540999999999999,Heavy rain at times
64,Mekong River Delta,2025-07-11,12.233999999999998,19.081000000000007,6.624999999999997,33.2017,38.8,40.4,20.129000000000005,12.315000000000007,Sunny
64,Mekong River Delta,2025-07-12,12.429,33.86099999999999,16.55400000000001,35.216699999999975,33.45,38.56,15.289999999999997,9.7,Moderate or heavy rain shower
64,Mekong River Delta,2025-07-13,12.52,34.004,21.73399999999999,35.74099999999997,39.0,37.68,16.480999999999995,10.100999999999994,Moderate or heavy rain shower
64,Mekong River Delta,2025-07-14,12.578,33.925,24.769999999999996,37.10259999999998,41.0,39.78,16.516,9.870999999999997,Moderate or heavy rain shower
64,Mekong River Delta,2025-07-15,12.550999999999998,31.798999999999975,24.712,41.915399999999984,43.35,36.94,19.971999999999998,12.594000000000005,Moderate or heavy rain shower
34,Central Highlands,2025-07-09,12.418000000000001,16.625000000000007,7.477999999999998,12.646400000000002,40.0,40.26,22.45,13.220999999999998,Moderate rain at times
34,Central Highlands,2025-07-10,12.255999999999997,17.279,7.0589999999999975,15.966700000000003,41.9,40.86,18.615000000000006,11.704,Moderate or heavy rain shower
34,Central Highlands,2025-07-11,12.215,18.985000000000007,6.622999999999996,20.096100000000014,34.8,40.9,19.55,11.998000000000005,Sunny
34,Central Highlands,2025-07-12,12.439,33.89799999999999,12.103999999999996,34.040399999999984,34.9,38.76,13.791999999999998,8.599999999999996,Moderate or heavy rain shower
34,Central Highlands,2025-07-13,12.517000000000001,33.94499999999999,14.427999999999987,33.63859999999998,43.9,37.52,15.567,9.710999999999995,Moderate or heavy rain shower
34,Central Highlands,2025-07-14,12.585999999999999,31.784000000000002,18.214999999999982,35.59469999999998,34.0,39.53,16.597,10.037999999999997,Moderate or heavy rain shower
34,Central Highlands,2025-07-15,12.566999999999998,32.617999999999995,24.727999999999998,38.43589999999999,38.45,39.32,19.07899999999999,11.833000000000006,Moderate or heavy rain shower
30,South Central Coast,2025-07-09,12.705000000000007,17.628,7.453999999999996,6.8609,39.45,39.25,22.352000000000004,13.864999999999998,Moderate rain at times
30,South Central Coast,2025-07-10,12.352999999999998,16.826000000000008,7.0239999999999965,12.015000000000004,40.9,40.26,19.674000000000007,12.414999999999997,Heavy rain at times
30,South Central Coast,2025-07-11,12.304,18.939000000000007,6.805999999999999,12.967500000000006,31.35,41.44,19.741000000000003,12.223000000000006,Moderate rain at times
30,South Central Coast,2025-07-12,12.747,33.93499999999999,6.804999999999998,18.016300000000015,30.9,39.33,14.729999999999997,9.173999999999998,Moderate or heavy rain shower
30,South Central Coast,2025-07-13,12.471000000000002,33.95799999999999,10.700999999999995,18.690900000000013,36.9,37.44,14.363000000000001,9.213,Moderate or heavy rain shower
30,South Central Coast,2025-07-14,12.492,29.817999999999994,12.351999999999997,26.982599999999998,39.9,42.07,14.11,9.194999999999995,Moderate or heavy rain shower
30,South Central Coast,2025-07-15,12.565,29.191000000000017,16.64200000000001,32.825500000000005,42.45,43.02,17.434,10.711000000000004,Moderate or heavy rain shower
33,Central Highlands,2025-07-09,12.418000000000001,16.625000000000007,7.477999999999998,12.646400000000002,40.0,40.26,22.45,13.220999999999998,Moderate rain at times
33,Central Highlands,2025-07-10,12.255999999999997,17.279,7.0589999999999975,15.966700000000003,41.9,40.86,18.615000000000006,11.704,Moderate or heavy rain shower
33,Central Highlands,2025-07-11,12.215,18.985000000000007,6.622999999999996,20.096100000000014,34.8,40.9,19.55,11.998000000000005,Sunny
33,Central Highlands,2025-07-12,12.439,33.89799999999999,12.103999999999996,34.040399999999984,34.9,38.76,13.791999999999998,8.599999999999996,Moderate or heavy rain shower
33,Central Highlands,2025-07-13,12.517000000000001,33.94499999999999,14.427999999999987,33.63859999999998,43.9,37.52,15.567,9.710999999999995,Moderate or heavy rain shower
33,Central Highlands,2025-07-14,12.585999999999999,31.784000000000002,18.214999999999982,35.59469999999998,34.0,39.53,16.597,10.037999999999997,Moderate or heavy rain shower
33,Central Highlands,2025-07-15,12.566999999999998,32.617999999999995,24.727999999999998,38.43589999999999,38.45,39.32,19.07899999999999,11.833000000000006,Moderate or heavy rain shower
62,Mekong River Delta,2025-07-09,12.414000000000001,16.763000000000005,7.711999999999997,25.218500000000002,41.0,37.35,22.495,14.063999999999998,Moderate rain at times
62,Mekong River Delta,2025-07-10,12.270999999999994,17.371000000000006,7.2659999999999965,35.38629999999999,43.9,42.91,19.785000000000004,12.645,Moderate rain at times
62,Mekong River Delta,2025-07-11,12.243,19.153000000000006,6.631999999999997,35.600899999999996,34.8,40.51,19.795000000000005,12.389000000000005,Sunny
62,Mekong River Delta,2025-07-12,12.429,33.88399999999999,24.480999999999998,38.214599999999976,32.0,37.75,15.411999999999999,9.754000000000001,Moderate or heavy rain shower
62,Mekong River Delta,2025-07-13,12.52,34.04599999999999,24.74299999999999,36.919399999999975,40.45,38.83,16.911999999999995,10.132999999999996,Moderate or heavy rain shower
62,Mekong River Delta,2025-07-14,12.578,31.771999999999984,24.726999999999997,37.93749999999998,42.45,38.67,16.644999999999992,9.969999999999997,Moderate or heavy rain shower
62,Mekong River Delta,2025-07-15,12.550999999999998,28.22700000000002,24.695000000000004,42.821099999999994,42.9,42.29,22.548999999999996,13.82200000000001,Moderate or heavy rain shower
79,Northeast,2025-07-09,12.404000000000002,16.357000000000014,13.382999999999997,7.080099999999999,44.0,37.7,21.480999999999998,13.374999999999995,Patchy rain possible
79,Northeast,2025-07-10,12.342999999999996,16.71400000000001,7.062999999999997,7.4006,41.45,43.39,19.589000000000006,11.967,Overcast
79,Northeast,2025-07-11,12.342,18.849000000000004,6.786999999999998,10.658400000000004,34.35,42.61,20.671,12.799000000000008,Moderate rain at times
79,Northeast,2025-07-12,12.753000000000002,34.18399999999998,6.918999999999998,15.285600000000011,32.35,38.53,13.134,8.408999999999997,Moderate or heavy rain shower
79,Northeast,2025-07-13,12.763000000000003,34.00199999999999,7.228999999999998,18.203800000000015,34.9,36.51,13.867000000000004,8.951999999999995,Moderate or heavy rain shower
79,Northeast,2025-07-14,12.512,31.820999999999998,9.699999999999996,24.3208,34.9,39.76,14.168000000000001,9.176999999999994,Moderate or heavy rain shower
79,Northeast,2025-07-15,12.514000000000001,28.617000000000015,14.21299999999999,32.785000000000004,44.9,42.53,16.715,11.180000000000001,Moderate or heavy rain shower
68,Mekong River Delta,2025-07-09,12.41,16.868000000000006,7.756999999999997,25.57870000000001,46.0,36.52,22.863999999999997,14.097999999999997,Moderate rain at times
68,Mekong River Delta,2025-07-10,12.294999999999993,17.432000000000006,7.275999999999997,35.5653,43.9,43.15,19.798000000000002,12.588999999999999,Heavy rain at times
68,Mekong River Delta,2025-07-11,12.233999999999998,19.101000000000006,6.624999999999997,34.4326,38.8,40.4,20.129000000000005,12.315000000000007,Sunny
68,Mekong River Delta,2025-07-12,12.429,33.89099999999999,24.401999999999994,37.878499999999974,33.0,37.85,15.436,9.872,Moderate or heavy rain shower
68,Mekong River Delta,2025-07-13,12.52,34.04599999999999,24.74299999999999,36.654199999999975,40.45,38.83,16.911999999999995,10.132999999999996,Moderate or heavy rain shower
68,Mekong River Delta,2025-07-14,12.578,33.962999999999994,24.737,37.91649999999998,43.45,38.67,16.571999999999992,9.976999999999997,Moderate or heavy rain shower
68,Mekong River Delta,2025-07-15,12.550999999999998,30.803999999999977,24.701,42.344899999999996,42.9,37.89,21.629000000000005,13.530000000000012,Moderate or heavy rain shower
17,Red River Delta,2025-07-09,12.507999999999997,17.66800000000001,9.507999999999996,7.500199999999999,46.45,37.25,21.169000000000004,13.509999999999998,Heavy rain at times
17,Red River Delta,2025-07-10,12.335999999999997,16.489,6.983999999999997,4.850199999999998,38.9,44.51,19.706000000000007,12.373000000000001,Patchy rain possible
17,Red River Delta,2025-07-11,12.027999999999999,18.816000000000003,7.178,9.935700000000002,33.9,42.16,20.126000000000005,12.396000000000006,Moderate rain at times
17,Red River Delta,2025-07-12,12.655000000000008,34.134999999999984,6.812999999999997,14.660800000000016,32.9,38.76,14.516999999999998,8.976999999999997,Moderate or heavy rain shower
17,Red River Delta,2025-07-13,13.204,33.950999999999986,7.042999999999999,17.688300000000016,35.9,36.83,13.746999999999998,8.582999999999997,Moderate or heavy rain shower
17,Red River Delta,2025-07-14,12.47,32.567,8.098999999999998,19.571300000000015,33.9,40.11,14.707,9.545999999999992,Moderate or heavy rain shower
17,Red River Delta,2025-07-15,12.458999999999996,31.654999999999987,13.744999999999996,36.2947,39.9,40.05,16.392,10.710000000000003,Moderate or heavy rain shower
35,South Central Coast,2025-07-09,12.459000000000001,16.698000000000008,7.760999999999997,23.21480000000001,45.0,36.06,21.98,13.629000000000001,Moderate or heavy rain shower
35,South Central Coast,2025-07-10,12.324999999999994,17.518000000000004,7.282999999999996,36.032599999999995,46.8,45.17,19.740000000000002,12.445,Heavy rain at times
35,South Central Coast,2025-07-11,12.245999999999999,19.101000000000006,6.781999999999998,37.051700000000004,38.8,41.85,20.712000000000003,12.597000000000005,Moderate or heavy rain shower
35,South Central Coast,2025-07-12,12.429,33.89499999999999,21.820999999999994,37.79719999999997,32.0,38.15,15.498999999999997,9.799000000000001,Moderate or heavy rain shower
35,South Central Coast,2025-07-13,12.52,34.04599999999999,24.766999999999992,36.45909999999998,38.45,37.69,16.748999999999995,10.069999999999995,Moderate or heavy rain shower
35,South Central Coast,2025-07-14,12.578,34.022999999999996,24.737999999999996,37.71349999999998,43.45,39.98,16.947999999999993,10.010999999999997,Moderate or heavy rain shower
35,South Central Coast,2025-07-15,12.550999999999998,27.97100000000002,24.697999999999997,42.05339999999999,44.9,38.72,21.640000000000004,13.50600000000001,Moderate or heavy rain shower
26,North Central Coast,2025-07-09,12.800000000000006,17.598000000000003,7.344999999999996,7.138700000000001,41.45,40.42,22.318,13.859999999999998,Moderate rain at times
26,North Central Coast,2025-07-10,12.396999999999998,16.722,7.057999999999997,6.236700000000001,40.9,39.92,19.576000000000008,12.394999999999998,Patchy rain possible
26,North Central Coast,2025-07-11,12.282,19.091000000000008,6.759999999999999,7.720100000000003,32.45,41.57,20.055000000000003,12.254000000000008,Sunny
26,North Central Coast,2025-07-12,12.679000000000007,34.09899999999999,6.762999999999997,15.113300000000017,31.45,39.03,14.497999999999996,9.045999999999996,Moderate or heavy rain shower
26,North Central Coast,2025-07-13,12.758000000000004,33.92799999999998,7.018,17.345200000000016,33.45,36.6,13.623000000000006,8.755999999999995,Moderate or heavy rain shower
26,North Central Coast,2025-07-14,12.686000000000002,29.24099999999999,7.250999999999998,19.631900000000016,36.9,41.81,14.11,9.108999999999995,Moderate or heavy rain shower
26,North Central Coast,2025-07-15,12.511,28.647000000000016,14.262999999999987,33.31450000000001,43.9,43.35,16.522,10.945,Moderate or heavy rain shower
45,Southeast,2025-07-09,12.331,17.11200000000001,7.665999999999998,16.69380000000001,48.0,38.01,23.274999999999995,14.369000000000002,Moderate or heavy rain shower
45,Southeast,2025-07-10,11.840999999999994,17.022000000000006,7.566999999999997,23.612199999999998,41.9,42.68,19.710000000000004,12.407999999999998,Moderate or heavy rain shower
45,Southeast,2025-07-11,12.253000000000002,19.170000000000005,6.592999999999997,31.231300000000005,34.8,40.4,20.129000000000005,12.315000000000007,Moderate or heavy rain shower
45,Southeast,2025-07-12,12.96,33.86099999999999,15.308999999999994,35.216699999999975,35.9,38.57,16.440000000000005,10.320999999999996,Moderate or heavy rain shower
45,Southeast,2025-07-13,12.517000000000001,33.983999999999995,22.704999999999995,35.92599999999997,41.0,37.06,15.196999999999994,9.806999999999995,Moderate or heavy rain shower
45,Southeast,2025-07-14,12.559999999999997,31.69,24.741999999999994,36.78549999999998,39.45,38.3,16.721999999999998,10.146999999999997,Moderate or heavy rain shower
45,Southeast,2025-07-15,12.566999999999998,33.623999999999995,24.705,40.61669999999999,43.9,43.18,21.067999999999998,13.009000000000007,Moderate or heavy rain shower
92,Northeast,2025-07-09,12.569000000000003,17.896000000000004,9.223999999999995,4.809899999999998,42.45,38.13,21.545,13.389,Sunny
92,Northeast,2025-07-10,11.956,16.46400000000001,7.133999999999998,4.546399999999998,38.9,44.39,19.986000000000008,12.497000000000003,Patchy rain possible
92,Northeast,2025-07-11,11.993999999999996,18.724000000000004,7.0889999999999995,7.2143000000000015,34.45,42.41,21.121000000000002,12.740000000000002,Moderate rain at times
92,Northeast,2025-07-12,13.187000000000005,34.17499999999998,6.504999999999996,16.494800000000012,30.35,38.89,14.341999999999999,8.817999999999996,Moderate or heavy rain shower
92,Northeast,2025-07-13,13.204,33.969999999999985,7.071999999999999,17.498400000000018,32.45,36.91,12.666000000000004,8.125999999999998,Moderate or heavy rain shower
92,Northeast,2025-07-14,12.718000000000002,31.958999999999996,7.3749999999999964,19.89770000000001,35.9,39.66,14.570000000000002,9.534999999999993,Moderate or heavy rain shower
92,Northeast,2025-07-15,12.483999999999998,27.972000000000016,13.886999999999992,33.52590000000001,43.9,42.79,16.180000000000003,10.185000000000004,Moderate or heavy rain shower
52,Mekong River Delta,2025-07-09,12.395,16.755000000000006,7.691999999999997,24.326200000000004,43.0,36.7,23.052,14.232999999999999,Moderate rain at times
52,Mekong River Delta,2025-07-10,12.281999999999993,17.512000000000008,7.262999999999996,39.67599999999999,43.9,42.67,20.390000000000004,12.886000000000001,Moderate rain at times
52,Mekong River Delta,2025-07-11,12.23,19.129000000000005,6.622999999999996,37.4118,38.8,40.51,20.432000000000002,12.530000000000005,Moderate rain at times
52,Mekong River Delta,2025-07-12,12.429,33.89999999999999,23.783999999999995,38.30179999999998,30.0,38.89,15.394999999999998,9.754000000000001,Moderate or heavy rain shower
52,Mekong River Delta,2025-07-13,12.52,34.04599999999999,24.74299999999999,36.56919999999998,39.45,37.68,16.862999999999996,10.090999999999994,Moderate or heavy rain shower
52,Mekong River Delta,2025-07-14,12.578,33.962999999999994,24.737,37.919599999999974,41.45,39.92,16.571999999999992,10.025999999999996,Moderate or heavy rain shower
52,Mekong River Delta,2025-07-15,12.550999999999998,28.589000000000006,24.77999999999999,42.6924,43.9,38.91,21.658000000000005,13.54700000000001,Moderate or heavy rain shower
93,Red River Delta,2025-07-09,12.758000000000004,17.916,7.309999999999998,4.942999999999999,45.45,37.49,21.770000000000003,13.649999999999999,Moderate rain at times
93,Red River Delta,2025-07-10,12.290999999999997,16.544000000000008,7.041999999999997,5.086499999999999,43.9,44.71,19.736000000000004,12.443,Patchy rain possible
93,Red River Delta,2025-07-11,12.273,18.841000000000005,6.573999999999997,6.736300000000003,33.45,42.5,21.042,12.624000000000002,Moderate rain at times
93,Red River Delta,2025-07-12,12.745000000000005,34.124999999999986,6.571999999999997,16.48280000000001,29.9,39.28,14.227,8.982999999999995,Moderate or heavy rain shower
93,Red River Delta,2025-07-13,12.750000000000002,33.99799999999999,7.035,17.552100000000017,34.45,36.67,12.338000000000005,7.553999999999997,Moderate or heavy rain shower
93,Red River Delta,2025-07-14,12.780999999999999,31.441999999999997,7.083999999999999,20.28350000000001,36.9,40.19,13.796,9.146999999999995,Moderate or heavy rain shower
93,Red River Delta,2025-07-15,12.511,27.031000000000017,13.913999999999993,33.9855,44.9,43.43,16.413999999999998,10.311000000000003,Moderate rain at times
70,Mekong River Delta,2025-07-09,12.41,16.868000000000006,7.756999999999997,25.57870000000001,46.0,36.52,22.863999999999997,14.097999999999997,Moderate rain at times
70,Mekong River Delta,2025-07-10,12.294999999999993,17.432000000000006,7.275999999999997,35.5653,43.9,43.15,19.798000000000002,12.588999999999999,Heavy rain at times
70,Mekong River Delta,2025-07-11,12.233999999999998,19.101000000000006,6.624999999999997,34.4326,38.8,40.4,20.129000000000005,12.315000000000007,Sunny
70,Mekong River Delta,2025-07-12,12.429,33.89099999999999,24.401999999999994,37.878499999999974,33.0,37.85,15.436,9.872,Moderate or heavy rain shower
70,Mekong River Delta,2025-07-13,12.52,34.04599999999999,24.74299999999999,36.654199999999975,40.45,38.83,16.911999999999995,10.132999999999996,Moderate or heavy rain shower
70,Mekong River Delta,2025-07-14,12.578,33.962999999999994,24.737,37.91649999999998,43.45,38.67,16.571999999999992,9.976999999999997,Moderate or heavy rain shower
70,Mekong River Delta,2025-07-15,12.550999999999998,30.803999999999977,24.701,42.344899999999996,42.9,37.89,21.629000000000005,13.530000000000012,Moderate or heavy rain shower
15,Northwest,2025-07-09,12.619000000000002,18.122000000000003,9.252999999999995,4.993099999999999,38.45,38.45,22.158,13.775000000000002,Moderate rain at times
15,Northwest,2025-07-10,12.328999999999997,16.634000000000004,7.032999999999998,4.575999999999997,41.9,43.02,20.075000000000003,12.727000000000002,Patchy rain possible
15,Northwest,2025-07-11,12.115999999999996,18.672000000000004,8.636999999999997,6.650300000000002,32.45,43.04,20.380000000000006,12.535000000000002,Patchy rain possible
15,Northwest,2025-07-12,12.714000000000008,34.225999999999985,6.611999999999997,15.105800000000015,30.35,39.37,14.546999999999999,8.863999999999995,Moderate or heavy rain shower
15,Northwest,2025-07-13,13.219,33.95399999999999,7.053,17.58040000000002,34.45,36.34,12.621000000000006,7.776999999999996,Moderate or heavy rain shower
15,Northwest,2025-07-14,12.780999999999999,29.33099999999999,7.120999999999998,20.103700000000014,39.35,41.96,14.759,9.592999999999995,Moderate or heavy rain shower
15,Northwest,2025-07-15,12.484999999999998,28.399000000000015,13.78799999999999,34.2948,41.9,43.33,16.279999999999994,10.485999999999999,Moderate or heavy rain shower
20,North Central Coast,2025-07-09,12.557000000000002,17.899000000000004,13.767999999999994,4.711699999999998,39.0,36.81,20.864,13.201999999999993,Patchy rain possible
20,North Central Coast,2025-07-10,12.063999999999997,16.66900000000001,13.335999999999991,4.832799999999999,36.9,44.34,19.735000000000003,12.349,Patchy rain possible
20,North Central Coast,2025-07-11,12.331,18.703000000000007,6.632999999999998,8.875200000000001,39.45,41.66,20.412000000000006,12.392000000000007,Sunny
20,North Central Coast,2025-07-12,13.241000000000001,34.15299999999999,6.735999999999998,14.632700000000014,32.35,39.24,15.465000000000002,9.828999999999999,Moderate or heavy rain shower
20,North Central Coast,2025-07-13,12.750000000000002,34.08699999999999,7.087999999999998,18.04050000000002,38.35,37.2,14.821000000000003,9.71,Moderate or heavy rain shower
20,North Central Coast,2025-07-14,12.402999999999997,33.961999999999996,7.641999999999997,19.084300000000013,35.9,39.78,14.518999999999998,9.367999999999997,Moderate or heavy rain shower
20,North Central Coast,2025-07-15,12.472999999999999,28.241000000000014,13.759999999999993,36.6472,40.9,41.5,16.483999999999998,10.651000000000002,Moderate or heavy rain shower
72,Mekong River Delta,2025-07-09,12.353000000000002,16.587000000000003,7.629999999999998,18.746400000000015,48.0,36.93,22.355,14.026,Moderate rain at times
72,Mekong River Delta,2025-07-10,12.288999999999994,16.993000000000006,7.123999999999998,24.865,42.9,43.42,19.808000000000003,12.547,Heavy rain at times
72,Mekong River Delta,2025-07-11,12.244000000000002,19.153000000000006,6.622999999999996,27.507,34.8,41.09,19.795000000000005,12.389000000000005,Sunny
72,Mekong River Delta,2025-07-12,12.427999999999999,33.88099999999999,17.327000000000005,35.66119999999998,32.45,37.68,14.28299999999999,9.065999999999997,Moderate or heavy rain shower
72,Mekong River Delta,2025-07-13,12.52,34.004,24.447,36.198499999999974,40.0,38.6,15.218999999999996,9.811999999999996,Moderate or heavy rain shower
72,Mekong River Delta,2025-07-14,12.578,31.813,24.733999999999995,37.524399999999986,40.45,38.83,16.657999999999998,9.965999999999996,Moderate or heavy rain shower
72,Mekong River Delta,2025-07-15,12.566999999999998,28.785000000000014,24.683000000000007,40.57279999999999,40.9,43.57,21.768999999999995,13.510000000000007,Moderate or heavy rain shower
83,Red River Delta,2025-07-09,12.507999999999997,17.66800000000001,9.507999999999996,7.500199999999999,46.45,37.25,21.169000000000004,13.509999999999998,Heavy rain at times
83,Red River Delta,2025-07-10,12.335999999999997,16.489,6.983999999999997,4.850199999999998,38.9,44.51,19.706000000000007,12.373000000000001,Patchy rain possible
83,Red River Delta,2025-07-11,12.027999999999999,18.816000000000003,7.178,9.935700000000002,33.9,42.16,20.126000000000005,12.396000000000006,Moderate rain at times
83,Red River Delta,2025-07-12,12.655000000000008,34.134999999999984,6.812999999999997,14.660800000000016,32.9,38.76,14.516999999999998,8.976999999999997,Moderate or heavy rain shower
83,Red River Delta,2025-07-13,13.204,33.950999999999986,7.042999999999999,17.688300000000016,35.9,36.83,13.746999999999998,8.582999999999997,Moderate or heavy rain shower
83,Red River Delta,2025-07-14,12.47,32.567,8.098999999999998,19.571300000000015,33.9,40.11,14.707,9.545999999999992,Moderate or heavy rain shower
83,Red River Delta,2025-07-15,12.458999999999996,31.654999999999987,13.744999999999996,36.2947,39.9,40.05,16.392,10.710000000000003,Moderate or heavy rain shower
48,Southeast,2025-07-09,12.734000000000007,17.797,7.306999999999999,7.881799999999999,44.0,39.91,22.734999999999996,14.249999999999998,Moderate rain at times
48,Southeast,2025-07-10,12.076999999999993,16.853000000000005,11.452999999999996,11.000900000000001,39.35,40.38,19.454000000000004,12.356999999999998,Heavy rain at times
48,Southeast,2025-07-11,12.364,18.974000000000004,6.641999999999999,8.665600000000005,33.9,41.11,20.014000000000003,11.97900000000001,Moderate rain at times
48,Southeast,2025-07-12,13.008,34.11499999999999,7.045999999999999,17.694300000000016,30.9,39.13,14.913,9.570999999999996,Moderate or heavy rain shower
48,Southeast,2025-07-13,12.473000000000003,34.06899999999999,9.735999999999995,18.260600000000014,38.9,37.67,14.462000000000003,9.677,Moderate or heavy rain shower
48,Southeast,2025-07-14,12.419,32.64400000000001,7.686999999999997,25.1662,34.9,39.99,13.896999999999998,9.082999999999995,Moderate or heavy rain shower
48,Southeast,2025-07-15,12.528999999999998,28.80500000000002,16.525000000000006,34.5318,44.45,40.73,17.125999999999998,11.082000000000004,Moderate or heavy rain shower
40,Central Highlands,2025-07-09,12.82300000000001,17.713000000000005,7.402999999999997,5.312099999999998,38.45,42.72,17.910000000000004,10.851000000000006,Patchy rain possible
40,Central Highlands,2025-07-10,12.311999999999996,16.864000000000004,7.060999999999996,5.705799999999999,36.9,42.47,18.406000000000006,11.111,Patchy rain possible
40,Central Highlands,2025-07-11,12.245999999999997,18.766000000000005,6.790999999999998,6.680200000000002,34.45,40.65,17.903999999999996,10.880000000000006,Patchy rain possible
40,Central Highlands,2025-07-12,12.754000000000005,34.16999999999998,6.618999999999999,17.27270000000002,28.45,39.47,14.482999999999995,8.978999999999996,Moderate or heavy rain shower
40,Central Highlands,2025-07-13,12.785000000000002,34.00499999999999,7.04,17.840200000000017,34.45,37.71,13.053000000000006,8.233999999999996,Moderate or heavy rain shower
40,Central Highlands,2025-07-14,12.780999999999999,32.294000000000004,7.074999999999999,20.226100000000013,36.9,39.82,14.149000000000003,9.171999999999995,Moderate or heavy rain shower
40,Central Highlands,2025-07-15,12.511,25.61100000000001,16.319000000000006,35.661300000000004,45.45,42.65,16.676,10.474000000000006,Moderate rain at times
89,Red River Delta,2025-07-09,12.507999999999997,17.66800000000001,9.507999999999996,7.500199999999999,46.45,37.25,21.169000000000004,13.509999999999998,Heavy rain at times
89,Red River Delta,2025-07-10,12.335999999999997,16.489,6.983999999999997,4.850199999999998,38.9,44.51,19.706000000000007,12.373000000000001,Patchy rain possible
89,Red River Delta,2025-07-11,12.027999999999999,18.816000000000003,7.178,9.935700000000002,33.9,42.16,20.126000000000005,12.396000000000006,Moderate rain at times
89,Red River Delta,2025-07-12,12.655000000000008,34.134999999999984,6.812999999999997,14.660800000000016,32.9,38.76,14.516999999999998,8.976999999999997,Moderate or heavy rain shower
89,Red River Delta,2025-07-13,13.204,33.950999999999986,7.042999999999999,17.688300000000016,35.9,36.83,13.746999999999998,8.582999999999997,Moderate or heavy rain shower
89,Red River Delta,2025-07-14,12.47,32.567,8.098999999999998,19.571300000000015,33.9,40.11,14.707,9.545999999999992,Moderate or heavy rain shower
89,Red River Delta,2025-07-15,12.458999999999996,31.654999999999987,13.744999999999996,36.2947,39.9,40.05,16.392,10.710000000000003,Moderate or heavy rain shower
19,Red River Delta,2025-07-09,12.630000000000004,16.298000000000005,7.3329999999999975,6.537899999999999,47.45,36.97,21.938999999999997,13.802999999999997,Overcast
19,Red River Delta,2025-07-10,12.329999999999995,16.772000000000006,6.984999999999998,7.6744,38.9,44.43,19.834000000000003,12.291999999999998,Heavy rain at times
19,Red River Delta,2025-07-11,12.266000000000002,19.031000000000002,6.950999999999998,10.571000000000003,32.35,41.96,20.039,12.351000000000006,Moderate rain at times
19,Red River Delta,2025-07-12,12.742000000000003,34.07799999999998,6.515999999999998,15.062300000000015,28.45,37.84,12.936999999999998,7.893999999999995,Moderate or heavy rain shower
19,Red River Delta,2025-07-13,12.699000000000003,34.03799999999999,7.269999999999999,18.37160000000002,35.9,37.58,14.136000000000003,9.146999999999997,Moderate or heavy rain shower
19,Red River Delta,2025-07-14,12.511,29.127999999999997,9.853999999999996,24.035700000000002,40.9,42.02,14.436000000000002,9.296999999999995,Sunny
19,Red River Delta,2025-07-15,12.513000000000002,25.701000000000004,14.31699999999999,30.98720000000001,43.9,43.02,15.825999999999997,10.290000000000003,Moderate rain at times
1,Northwest,2025-07-09,12.618999999999998,18.441,13.880999999999988,4.917999999999999,39.0,43.3,17.998000000000005,11.004000000000001,Patchy rain possible
1,Northwest,2025-07-10,12.063999999999998,17.184000000000008,14.619999999999996,7.658500000000006,27.35,42.33,18.406000000000002,11.425999999999998,Heavy rain at times
1,Northwest,2025-07-11,12.170999999999998,18.67200000000001,12.271,6.2977,38.9,40.11,17.557,10.928000000000006,Patchy rain possible
1,Northwest,2025-07-12,13.257999999999997,34.31899999999998,6.691999999999998,16.719600000000018,29.35,39.97,16.095999999999997,9.931999999999995,Moderate or heavy rain shower
1,Northwest,2025-07-13,12.879000000000005,25.211000000000016,7.357999999999999,17.308600000000013,41.9,39.81,15.963000000000005,10.419999999999998,Sunny
1,Northwest,2025-07-14,12.75,34.07599999999999,7.157999999999998,18.72880000000001,37.35,38.85,15.651000000000003,10.109999999999996,Moderate or heavy rain shower
1,Northwest,2025-07-15,12.481,26.923000000000012,15.161999999999992,28.51470000000001,40.9,40.44,17.104000000000003,10.885000000000002,Moderate or heavy rain shower
14,Northeast,2025-07-09,12.837000000000005,17.323000000000004,7.461999999999997,10.007100000000001,45.45,38.84,22.189,13.689999999999998,Moderate rain at times
14,Northeast,2025-07-10,12.314999999999992,16.667000000000005,7.029999999999997,7.158700000000001,42.9,41.33,19.512000000000008,12.398999999999996,Overcast
14,Northeast,2025-07-11,12.323000000000002,19.031000000000002,6.808999999999998,9.131300000000003,33.9,42.43,19.793000000000006,12.275000000000007,Sunny
14,Northeast,2025-07-12,12.425000000000002,34.07799999999998,8.107999999999997,15.014300000000016,31.45,39.03,14.476999999999997,9.223999999999997,Moderate or heavy rain shower
14,Northeast,2025-07-13,12.670000000000005,34.021999999999984,7.146999999999999,17.522100000000016,35.9,36.52,14.221000000000002,8.933999999999996,Moderate or heavy rain shower
14,Northeast,2025-07-14,12.445,32.544000000000004,7.613999999999999,18.752100000000013,34.9,40.2,14.068000000000001,9.199999999999994,Moderate or heavy rain shower
14,Northeast,2025-07-15,12.472999999999999,28.38700000000001,14.199999999999989,27.791300000000007,43.9,41.58,17.144,11.359000000000002,Moderate or heavy rain shower
10,Northwest,2025-07-09,12.758000000000004,17.916,7.309999999999998,4.942999999999999,45.45,37.49,21.770000000000003,13.649999999999999,Moderate rain at times
10,Northwest,2025-07-10,12.290999999999997,16.544000000000008,7.041999999999997,5.086499999999999,43.9,44.71,19.736000000000004,12.443,Patchy rain possible
10,Northwest,2025-07-11,12.273,18.841000000000005,6.573999999999997,6.736300000000003,33.45,42.5,21.042,12.624000000000002,Moderate rain at times
10,Northwest,2025-07-12,12.745000000000005,34.124999999999986,6.571999999999997,16.48280000000001,29.9,39.28,14.227,8.982999999999995,Moderate or heavy rain shower
10,Northwest,2025-07-13,12.750000000000002,33.99799999999999,7.035,17.552100000000017,34.45,36.67,12.338000000000005,7.553999999999997,Moderate or heavy rain shower
10,Northwest,2025-07-14,12.780999999999999,31.441999999999997,7.083999999999999,20.28350000000001,36.9,40.19,13.796,9.146999999999995,Moderate or heavy rain shower
10,Northwest,2025-07-15,12.511,27.031000000000017,13.913999999999993,33.9855,44.9,43.43,16.413999999999998,10.311000000000003,Moderate or heavy rain shower
67,Mekong River Delta,2025-07-09,12.371999999999996,16.850000000000005,7.559999999999999,21.93670000000001,46.0,36.52,22.228,13.944,Moderate rain at times
67,Mekong River Delta,2025-07-10,12.224999999999996,17.136000000000006,7.103999999999998,33.734700000000004,42.9,43.04,19.783000000000005,12.557999999999998,Moderate rain at times
67,Mekong River Delta,2025-07-11,12.243,19.133000000000006,6.615999999999997,34.5676,34.8,40.4,19.899000000000004,12.389000000000005,Sunny
67,Mekong River Delta,2025-07-12,12.456000000000001,33.88399999999999,19.77799999999999,37.533499999999975,29.0,37.61,15.318999999999999,9.706,Moderate or heavy rain shower
67,Mekong River Delta,2025-07-13,12.52,34.01699999999999,24.764999999999997,36.27699999999997,39.45,38.83,16.816,10.304999999999996,Moderate or heavy rain shower
67,Mekong River Delta,2025-07-14,12.578,31.858999999999988,24.730999999999995,38.694899999999976,41.45,38.79,16.556999999999995,9.905999999999997,Moderate or heavy rain shower
67,Mekong River Delta,2025-07-15,12.550999999999998,26.845000000000013,24.82,42.75900000000001,41.9,42.71,22.802,13.855000000000008,Moderate or heavy rain shower
51,Mekong River Delta,2025-07-09,12.358999999999998,16.916000000000007,7.674999999999998,17.70680000000001,48.0,36.01,23.188999999999997,14.242,Moderate rain at times
51,Mekong River Delta,2025-07-10,12.301999999999994,17.394000000000005,7.279999999999997,25.6336,43.9,43.49,19.920000000000005,12.577999999999998,Heavy rain at times
51,Mekong River Delta,2025-07-11,12.243999999999998,19.129000000000005,6.7689999999999975,33.2216,38.8,40.4,20.129000000000005,12.315000000000007,Sunny
51,Mekong River Delta,2025-07-12,12.429,33.86099999999999,16.85400000000001,35.216699999999975,34.45,38.49,15.239999999999998,9.596,Moderate or heavy rain shower
51,Mekong River Delta,2025-07-13,12.52,34.010999999999996,24.31599999999999,35.94759999999998,38.0,38.83,16.718999999999994,10.111999999999995,Moderate or heavy rain shower
51,Mekong River Delta,2025-07-14,12.578,33.925,24.738999999999997,37.369399999999985,43.45,38.6,16.900999999999996,9.989999999999995,Moderate or heavy rain shower
51,Mekong River Delta,2025-07-15,12.550999999999998,32.486999999999995,24.698999999999998,42.59119999999998,42.35,37.31,19.964999999999996,12.570000000000004,Moderate or heavy rain shower
82,Red River Delta,2025-07-09,12.404000000000002,16.357000000000014,13.382999999999997,7.080099999999999,44.0,37.7,21.480999999999998,13.374999999999995,Overcast
82,Red River Delta,2025-07-10,12.342999999999996,16.71400000000001,7.062999999999997,7.4006,41.45,43.39,19.589000000000006,11.967,Heavy rain at times
82,Red River Delta,2025-07-11,12.342,18.849000000000004,6.786999999999998,10.658400000000004,34.35,42.61,20.671,12.799000000000008,Moderate rain at times
82,Red River Delta,2025-07-12,12.753000000000002,34.18399999999998,6.918999999999998,15.285600000000011,32.35,38.53,13.134,8.408999999999997,Moderate or heavy rain shower
82,Red River Delta,2025-07-13,12.763000000000003,34.00199999999999,7.228999999999998,18.203800000000015,34.9,36.51,13.867000000000004,8.951999999999995,Moderate or heavy rain shower
82,Red River Delta,2025-07-14,12.512,31.820999999999998,9.699999999999996,24.3208,34.9,39.76,14.168000000000001,9.176999999999994,Moderate or heavy rain shower
82,Red River Delta,2025-07-15,12.514000000000001,28.617000000000015,14.21299999999999,32.785000000000004,44.9,42.53,16.715,11.180000000000001,Moderate or heavy rain shower
